{
    "xml_urls": [],
    "days_to_keep": 7,
    "start_time": "00:00",
    "end_time": "23:59",
    "channel_mappings": {
        "CCTV$1": "regex:\/^CCTV[-\\s]*(\\d{1,2}(\\s*P(LUS)?|[K\\+])?)(?![\\s-]*(美洲|欧洲)).*\/i"
    },
    "channel_bind_epg": [],
    "gen_xml": 1,
    "include_future_only": 1,
    "ret_default": 0,
    "tvmao_default": 0,
    "all_chs": 0,
    "check_update": 1,
    "cache_time": 0,
    "db_type": "sqlite",
    "gen_list_enable": 0,
    "interval_time": 21600,
    "mysql": {
        "host": "mysql",
        "dbname": "phpepg",
        "username": "phpepg",
        "password": "phpepg"
    },
    "manage_password": ""
}